{"cameraMode":{"drawMode":0,"name":"Shaded","section":"Shading Mode"},"sceneLighting":false,"audioPlay":false,"sceneViewState":{"showFog":true,"showMaterialUpdate":false,"showSkybox":true,"showFlares":true,"showImageEffects":true,"showParticleSystems":true},"in2DMode":false,"pivot":{"x":1.643314003944397,"y":-3.290717124938965,"z":4.772221565246582},"rotation":{"x":0.1505810171365738,"y":0.25060009956359866,"z":-0.03949334844946861,"w":0.9554921388626099},"size":24.523103713989259,"orthographic":false}