{"cameraMode":{"drawMode":0,"name":"Shaded","section":"Shading Mode"},"sceneLighting":false,"audioPlay":false,"sceneViewState":{"showFog":true,"showMaterialUpdate":false,"showSkybox":true,"showFlares":true,"showImageEffects":true,"showParticleSystems":true},"in2DMode":false,"pivot":{"x":33.0053825378418,"y":-0.05926799774169922,"z":52.4068603515625},"rotation":{"x":0.1083604171872139,"y":-0.449092835187912,"z":0.05497584864497185,"w":0.8851844072341919},"size":14.978154182434082,"orthographic":false}