{"cameraMode":{"drawMode":0,"name":"Shaded","section":"Shading Mode"},"sceneLighting":false,"audioPlay":false,"sceneViewState":{"showFog":true,"showMaterialUpdate":false,"showSkybox":true,"showFlares":true,"showImageEffects":true,"showParticleSystems":true},"in2DMode":false,"pivot":{"x":35.13999938964844,"y":1.3499999046325684,"z":-0.4500000476837158},"rotation":{"x":0.15419258177280427,"y":0.0014799638884142042,"z":-0.00023063371190801263,"w":0.9880396723747253},"size":4.041658401489258,"orthographic":false}