{"cameraMode":{"drawMode":0,"name":"Shaded","section":"Shading Mode"},"sceneLighting":false,"audioPlay":false,"sceneViewState":{"showFog":true,"showMaterialUpdate":false,"showSkybox":true,"showFlares":true,"showImageEffects":true,"showParticleSystems":true},"in2DMode":false,"pivot":{"x":-33.021854400634769,"y":-1.6575559377670289,"z":18.465078353881837},"rotation":{"x":0.045772191137075427,"y":-0.4505135118961334,"z":0.0231358390301466,"w":0.8912952542304993},"size":63.080047607421878,"orthographic":false}