{"cameraMode":{"drawMode":0,"name":"Shaded","section":"Shading Mode"},"sceneLighting":false,"audioPlay":false,"sceneViewState":{"showFog":true,"showMaterialUpdate":false,"showSkybox":true,"showFlares":true,"showImageEffects":true,"showParticleSystems":true},"in2DMode":false,"pivot":{"x":35.77000045776367,"y":1.7400001287460328,"z":-1.1700000762939454},"rotation":{"x":0.1660284698009491,"y":0.013613604009151459,"z":-0.0022930533159524204,"w":0.9860243201255798},"size":4.616591453552246,"orthographic":false}