{"cameraMode":{"drawMode":0,"name":"Shaded","section":"Shading Mode"},"sceneLighting":false,"audioPlay":false,"sceneViewState":{"showFog":true,"showMaterialUpdate":false,"showSkybox":true,"showFlares":true,"showImageEffects":true,"showParticleSystems":true},"in2DMode":false,"pivot":{"x":35.869998931884769,"y":0.3700000047683716,"z":3.1700000762939455},"rotation":{"x":0.1660284698009491,"y":0.013613604009151459,"z":-0.0022930533159524204,"w":0.9860243201255798},"size":16.582294464111329,"orthographic":false}