{"cameraMode":{"drawMode":0,"name":"Shaded","section":"Shading Mode"},"sceneLighting":false,"audioPlay":false,"sceneViewState":{"showFog":true,"showMaterialUpdate":false,"showSkybox":true,"showFlares":true,"showImageEffects":true,"showParticleSystems":true},"in2DMode":false,"pivot":{"x":36.368614196777347,"y":0.5115002393722534,"z":49.90934371948242},"rotation":{"x":0.12450903654098511,"y":-0.0068185944110155109,"z":0.0008582879672758281,"w":0.9921947121620178},"size":14.978154182434082,"orthographic":false}