{"cameraMode":{"drawMode":0,"name":"Shaded","section":"Shading Mode"},"sceneLighting":false,"audioPlay":false,"sceneViewState":{"showFog":true,"showMaterialUpdate":false,"showSkybox":true,"showFlares":true,"showImageEffects":true,"showParticleSystems":true},"in2DMode":false,"pivot":{"x":35.13999938964844,"y":1.3499999046325684,"z":-0.4500000476837158},"rotation":{"x":0.001380837638862431,"y":-0.9357724189758301,"z":0.3525828421115875,"w":0.0036706530954688789},"size":4.041658401489258,"orthographic":false}