{"cameraMode":{"drawMode":0,"name":"Shaded","section":"Shading Mode"},"sceneLighting":false,"audioPlay":false,"sceneViewState":{"showFog":true,"showMaterialUpdate":false,"showSkybox":true,"showFlares":true,"showImageEffects":true,"showParticleSystems":true},"in2DMode":false,"pivot":{"x":35.880001068115237,"y":0.8499999046325684,"z":-14.89999771118164},"rotation":{"x":0.1660284698009491,"y":0.013613604009151459,"z":-0.0022930533159524204,"w":0.9860243201255798},"size":2.8578836917877199,"orthographic":false}