{"cameraMode":{"drawMode":0,"name":"Shaded","section":"Shading Mode"},"sceneLighting":false,"audioPlay":false,"sceneViewState":{"showFog":true,"showMaterialUpdate":false,"showSkybox":true,"showFlares":true,"showImageEffects":true,"showParticleSystems":true},"in2DMode":false,"pivot":{"x":34.80695724487305,"y":1.7400000095367432,"z":-5.53511381149292},"rotation":{"x":0.001380837638862431,"y":-0.9357724189758301,"z":0.3525828421115875,"w":0.0036706530954688789},"size":4.6165900230407719,"orthographic":false}