{"cameraMode":{"drawMode":0,"name":"Shaded","section":"Shading Mode"},"sceneLighting":false,"audioPlay":false,"sceneViewState":{"showFog":true,"showMaterialUpdate":false,"showSkybox":true,"showFlares":true,"showImageEffects":true,"showParticleSystems":true},"in2DMode":false,"pivot":{"x":33.65999984741211,"y":1.2000000476837159,"z":-8.09000015258789},"rotation":{"x":0.3992142379283905,"y":-0.09132987260818482,"z":0.04000532254576683,"w":0.9114200472831726},"size":2.857884645462036,"orthographic":false}