{"cameraMode":{"drawMode":0,"name":"Shaded","section":"Shading Mode"},"sceneLighting":false,"audioPlay":false,"sceneViewState":{"showFog":true,"showMaterialUpdate":false,"showSkybox":true,"showFlares":true,"showImageEffects":true,"showParticleSystems":true},"in2DMode":false,"pivot":{"x":-0.017230749130249025,"y":0.49800068140029909,"z":-0.018683433532714845},"rotation":{"x":0.09590233862400055,"y":-0.8644320368766785,"z":0.18048815429210664,"w":0.45933008193969729},"size":29.95630645751953,"orthographic":false}