{"cameraMode":{"drawMode":0,"name":"Shaded","section":"Shading Mode"},"sceneLighting":true,"audioPlay":false,"sceneViewState":{"showFog":true,"showMaterialUpdate":false,"showSkybox":true,"showFlares":true,"showImageEffects":true,"showParticleSystems":true},"in2DMode":false,"pivot":{"x":24.881025314331056,"y":5.269603729248047,"z":105.94156646728516},"rotation":{"x":0.08507180958986283,"y":0.661773145198822,"z":-0.07597830891609192,"w":0.7409766316413879},"size":14.2210054397583,"orthographic":false}